ФИО;Кафедра;Учёное звание;Учёная степень
Абакумова Дарья Семеновна;Экономические науки;Научный сотрудник;Кандидат наук
Абакумова Светлана Феликсовна;Физфак;Ассистент;Доктор наук
Абалышева Марианна Тимофеевна;Мировая экономика и мировая политика;Ассистент;Доктор наук
Абарникова Александра Данилевна;Социальные науки;Профессор;Магистр
Абросимова Вера Георгиевна;МИЭФ;Старший научный сотрудник;Доктор наук
Абумайлова ?Агата Якововна;Социальные науки;Профессор;Кандидат наук
Алексеева Полина Яновна;Матфак;Профессор;Магистр
Аленина Дарья Феликсовна;Право;Доцент;Кандидат наук
Алехина Кира Феликсовна;Биология и биотехнологии;Научный сотрудник;Кандидат наук
Алиева Кристина Андрияновна;Матфак;Старший научный сотрудник;Магистр
Алистратова Ирина Серафимовна;Городское развитие и региональное развитие;Профессор;Кандидат наук
Алябьева Наталья Всеволодовна;Бизнес и менеджмент;Доцент;Бакалавр
Аникина Ирина Константиновна;Социальные науки;Научный сотрудник;Бакалавр
Анрепа Надежда Антониновна;Матфак;Ассистент;Магистр
Анрепа Надежда Тихоновна;Мировая экономика и мировая политика;Доцент;Кандидат наук
Антонова Анна Родионовна;Лицей НИУ ВШЭ;Ассистент;Бакалавр
Ануфриева Бронислава Ираклиевна;Социальные науки;Старший научный сотрудник;Кандидат наук
Аптекарь Надежда Мефодиевна;Мировая экономика и мировая политика;Научный сотрудник;Бакалавр
Аронова Алиса Никитевна;Лицей НИУ ВШЭ;Доцент;Магистр
Арсеиньева Лилия Игнатиевна;Биология и биотехнологии;Старший научный сотрудник;Кандидат наук
Астафьева Марина Никитевна;Право;Профессор;Магистр
Астрединова Виктория Алексеевна;Химия;Старший научный сотрудник;Бакалавр
Бабина Диана Серафимовна;Мировая экономика и мировая политика;Научный сотрудник;Доктор наук
Балдагуева Екатерина Андрияновна;Физфак;Старший научный сотрудник;Кандидат наук
Бальсунова Ирина Станиславовна;Лицей НИУ ВШЭ;Старший научный сотрудник;Кандидат наук
Баранова Варвара Казимировна;Матфак;Старший научный сотрудник;Бакалавр
Басманова Наталья Павеловна;Экономические науки;Профессор;Кандидат наук
Баязова Алина Марковна;Гуманитарные науки;Доцент;Доктор наук
Безродный Валентина Якововна;Биология и биотехнологии;Ассистент;Магистр
Белкина Арина Мефодиевна;Бизнес и менеджмент;Ассистент;Доктор наук
Белкина Диана Иосифовна;Экономические науки;Доцент;Магистр
Беляева Лилия Николаевна;Мировая экономика и мировая политика;Профессор;Доктор наук
Берёзкина Вероника Германовна;Социальные науки;Ассистент;Бакалавр
Бердяева Раиса Филипповна;Мировая экономика и мировая политика;Старший научный сотрудник;Кандидат наук
Берестова Рада Глебовна;Коммуникации, медиа и дизайн;Научный сотрудник;Бакалавр
Бершова Виктория Михеевна;Гуманитарные науки;Старший научный сотрудник;Доктор наук
Бескрёстнова ?Агата Андрияновна;Бизнес и менеджмент;Научный сотрудник;Магистр
Бесчастныха Евгения Мироновна;Право;Старший научный сотрудник;Доктор наук
Бехтерева Валерия Афанасиевна;Право;Доцент;Магистр
Бехтерева Наталия Борисовна;Право;Научный сотрудник;Магистр
Битнера Марфа Федоровна;Бизнес и менеджмент;Профессор;Магистр
Блинова Анастасия Филипповна;Коммуникации, медиа и дизайн;Профессор;Кандидат наук
Блокова Виктория Евгениевна;Социальные науки;Ассистент;Бакалавр
Бобкова Мария Георгиевна;Право;Старший научный сотрудник;Доктор наук
Боброва Анна Василиевна;Мировая экономика и мировая политика;Старший научный сотрудник;Доктор наук
Богданова Марина Тимофеевна;МИЭМ;Доцент;Доктор наук
Брежнева Марина Олеговна;Право;Старший научный сотрудник;Магистр
Булкина Марина Никитевна;Биология и биотехнологии;Доцент;Бакалавр
Бурмакина Лариса Елизаровна;Химия;Профессор;Магистр
Бурцева Диана Елизаровна;Матфак;Старший научный сотрудник;Кандидат наук
Бурцева Кристина Данилевна;Лицей НИУ ВШЭ;Профессор;Кандидат наук
Бутылина Марина Ираклиевна;Мировая экономика и мировая политика;Старший научный сотрудник;Доктор наук
Бухарова Дарья Филипповна;Физфак;Ассистент;Кандидат наук
Бухарова Марина Георгиевна;Физфак;Доцент;Бакалавр
Бычкова Алина Карповна;ФКН;Старший научный сотрудник;Доктор наук
Вавилова Римма Тимуровна;Экономические науки;Профессор;Бакалавр
Вагина Алиса Всеволодовна;Мировая экономика и мировая политика;Ассистент;Магистр
Валуева Надежда Святославовна;Мировая экономика и мировая политика;Старший научный сотрудник;Кандидат наук
Васнецова Эльвира Вячеславовна;МИЭФ;Ассистент;Бакалавр
Вахрова Софья Глебовна;ФКН;Доцент;Бакалавр
Веденина Оксана Михеевна;МИЭМ;Ассистент;Бакалавр
Вельяминова Зинаида Трофимовна;МИЭФ;Старший научный сотрудник;Доктор наук
Вергунова ?Агата Леонидовна;Гуманитарные науки;Научный сотрудник;Магистр
Веселова Ксения Захаровна;Мировая экономика и мировая политика;Научный сотрудник;Кандидат наук
Виноградова Нина Анатолиевна;Социальные науки;Профессор;Бакалавр
Воликова Нина Павеловна;Матфак;Ассистент;Кандидат наук
Волкова Агафья Глебовна;Мировая экономика и мировая политика;Старший научный сотрудник;Магистр
Воробьева Алла Семеновна;МИЭМ;Ассистент;Магистр
Воронова Юлия Карповна;Социальные науки;Научный сотрудник;Доктор наук
Гаранина Евгения Иосифовна;Гуманитарные науки;Научный сотрудник;Магистр
Гачегова Александра Родионовна;Биология и биотехнологии;Ассистент;Бакалавр
Гачегова Регина Емельяновна;Биология и биотехнологии;Ассистент;Бакалавр
Гершковича Елизавета Мефодиевна;ФКН;Старший научный сотрудник;Кандидат наук
Глаголева Рада Андрияновна;Лицей НИУ ВШЭ;Профессор;Кандидат наук
Глазкова Диана Тимофеевна;Бизнес и менеджмент;Научный сотрудник;Магистр
Голованова Пелагея Вячеславовна;Лицей НИУ ВШЭ;Ассистент;Доктор наук
Головаха Кристина Глебовна;Бизнес и менеджмент;Доцент;Бакалавр
Головина Галина Федоровна;МИЭМ;Старший научный сотрудник;Бакалавр
Голубева Анастасия Владленовна;Экономические науки;Доцент;Бакалавр
Голышева Нина Тихоновна;Городское развитие и региональное развитие;Старший научный сотрудник;Магистр
Гоминова Христина Ипполитовна;ФКН;Профессор;Бакалавр
Гончарова Ольга Семеновна;Физфак;Профессор;Кандидат наук
Горелова Александра Афанасиевна;Физфак;Ассистент;Бакалавр
Горемыкина Ульяна Елизаровна;Экономические науки;Старший научный сотрудник;Магистр
Горшкова Татьяна Родионовна;МИЭМ;Ассистент;Магистр
Графова Арина Потаповна;Городское развитие и региональное развитие;Старший научный сотрудник;Магистр
Грачёва Дарья Казимировна;Коммуникации, медиа и дизайн;Старший научный сотрудник;Кандидат наук
Гребнева Василиса Германовна;Химия;Старший научный сотрудник;Магистр
Григорьева Лиана Игнатиевна;Гуманитарные науки;Профессор;Доктор наук
Громова Юнона Ивановна;Физфак;Ассистент;Магистр
Гулина Анна Романовна;МИЭФ;Научный сотрудник;Бакалавр
Дёмшина Екатерина Захаровна;Матфак;Ассистент;Бакалавр
Дёмшина Наталья Тимуровна;Коммуникации, медиа и дизайн;Профессор;Бакалавр
Дёшина Анфиса Кузьмевна;Бизнес и менеджмент;Профессор;Кандидат наук
Давыдова Светлана Игоревна;МИЭМ;Доцент;Магистр
Дагирова Мария Тихоновна;Химия;Старший научный сотрудник;Магистр
Дворецкова Анастасия Тимуровна;МИЭФ;Доцент;Доктор наук
Дедова Любовь Александровна;ФКН;Ассистент;Кандидат наук
Дейнекина Марина Иосифовна;МИЭМ;Профессор;Кандидат наук
Деменкова Ольга Георгиевна;Химия;Доцент;Бакалавр
Денисова Дина Евгениевна;ФКН;Профессор;Бакалавр
Долженко Алина Захаровна;Мировая экономика и мировая политика;Научный сотрудник;Кандидат наук
Должикова Мария Олеговна;Матфак;Научный сотрудник;Магистр
Домаша Варвара Данилевна;Коммуникации, медиа и дизайн;Профессор;Бакалавр
Домаша Милена Ростиславовна;Мировая экономика и мировая политика;Старший научный сотрудник;Бакалавр
Дорофеева Анфиса Брониславовна;Бизнес и менеджмент;Профессор;Бакалавр
Дорофеева Виктория Иларионовна;Химия;Ассистент;Бакалавр
Друганина Юлия Геннадиевна;Химия;Научный сотрудник;Бакалавр
Дубровина Ульяна Тимофеевна;Мировая экономика и мировая политика;Доцент;Магистр
Дудина Яна Владленовна;Химия;Доцент;Бакалавр
Дьячкова Валентина Трофимовна;ФКН;Профессор;Магистр
Дюженкова Ольга Ефимовна;ФКН;Доцент;Бакалавр
Емельянова Евдокия Захаровна;Химия;Ассистент;Доктор наук
Енина Диана Святославовна;Право;Старший научный сотрудник;Кандидат наук
Епанчина Нина Мироновна;МИЭФ;Научный сотрудник;Магистр
Ерхова Ефросиния Василиевна;Коммуникации, медиа и дизайн;Научный сотрудник;Доктор наук
Ерхова Кристина Степановна;Матфак;Ассистент;Магистр
Есаулова Вероника Всеволодовна;МИЭФ;Старший научный сотрудник;Магистр
Есаулова Кристина Яновна;Коммуникации, медиа и дизайн;Старший научный сотрудник;Доктор наук
Есипова Полина Анатолиевна;МИЭФ;Ассистент;Кандидат наук
Ефремовича Варвара Павеловна;Матфак;Профессор;Магистр
Ефремовича Дарья Марковна;ФКН;Доцент;Кандидат наук
Жарыхина Юлия Мефодиевна;Гуманитарные науки;Доцент;Магистр
Жевлакова Ольга Филипповна;МИЭФ;Доцент;Кандидат наук
Жжёнова Анна Степановна;МИЭМ;Доцент;Доктор наук
Журавлёва Варвара Анатолиевна;Гуманитарные науки;Профессор;Бакалавр
Завьялова ?Агата Федоровна;Коммуникации, медиа и дизайн;Профессор;Кандидат наук
Завьялова Светлана Якововна;Социальные науки;Ассистент;Доктор наук
Зарица Полина Тимуровна;Бизнес и менеджмент;Ассистент;Бакалавр
Званцова Виктория Несторовна;ФКН;Старший научный сотрудник;Кандидат наук
Зверева Оксана Иларионовна;Социальные науки;Научный сотрудник;Магистр
Землякова Марина Георгиевна;МИЭМ;Научный сотрудник;Магистр
Зефирова Антонина Якововна;Биология и биотехнологии;Старший научный сотрудник;Бакалавр
Зиновьева Варвара Карповна;Право;Профессор;Доктор наук
Зубока Зоя Елисеевна;Коммуникации, медиа и дизайн;Научный сотрудник;Бакалавр
Иванова Мария Алексеевна;Городское развитие и региональное развитие;Старший научный сотрудник;Магистр
Ивашечкина Марина Тимуровна;Матфак;Профессор;Магистр
Игошина Ирина Ростиславовна;Химия;Ассистент;Кандидат наук
Иканова Татьяна Семеновна;Коммуникации, медиа и дизайн;Доцент;Магистр
Илюшина Алиса Павеловна;МИЭМ;Профессор;Магистр
Каблукова Оксана Тихоновна;Матфак;Доцент;Доктор наук
Каде Ирина Ефимовна;Бизнес и менеджмент;Ассистент;Кандидат наук
Кадцына Алиса Кузьмевна;Экономические науки;Ассистент;Магистр
Кадцына Елена Тимофеевна;Мировая экономика и мировая политика;Доцент;Бакалавр
Казакова Наталья Ростиславовна;Физфак;Профессор;Доктор наук
Казанцева Евгения Александровна;Физфак;Профессор;Бакалавр
Казаринова Наталья Геннадиевна;Гуманитарные науки;Научный сотрудник;Бакалавр
Калагина Евгения Николаевна;ФКН;Доцент;Доктор наук
Калмыкова Изольда Федотовна;Социальные науки;Старший научный сотрудник;Бакалавр
Камбарова Ефросиния Елисеевна;Экономические науки;Научный сотрудник;Магистр
Канадцева Антонина Данииловна;ФКН;Профессор;Бакалавр
Кандакова Анфиса Тимофеевна;Социальные науки;Старший научный сотрудник;Бакалавр
Капитонова Евгения Павеловна;Физфак;Старший научный сотрудник;Магистр
Капитонова Ксения Брониславовна;Городское развитие и региональное развитие;Научный сотрудник;Кандидат наук
Карасёва Нина Антониновна;МИЭФ;Старший научный сотрудник;Доктор наук
Караулина Нина Захаровна;МИЭФ;Старший научный сотрудник;Магистр
Кариева Вероника Яновна;Лицей НИУ ВШЭ;Доцент;Доктор наук
Карнаухова Алина Ефимовна;Физфак;Старший научный сотрудник;Бакалавр
Карпенцева Диана Константиновна;МИЭФ;Старший научный сотрудник;Доктор наук
Картавый Елена Романовна;МИЭФ;Ассистент;Кандидат наук
Касатый Бронислава Алексеевна;МИЭФ;Ассистент;Бакалавр
Кашарина Виктория Казимировна;Бизнес и менеджмент;Ассистент;Бакалавр
Кашарина Элеонора Данииловна;Лицей НИУ ВШЭ;Научный сотрудник;Бакалавр
Каширина Варвара Федотовна;Биология и биотехнологии;Научный сотрудник;Бакалавр
Каширина Мария Филипповна;Гуманитарные науки;Старший научный сотрудник;Кандидат наук
Кашникова Нона Георгиевна;Лицей НИУ ВШЭ;Профессор;Кандидат наук
Кваснина Инесса Казимировна;Лицей НИУ ВШЭ;Научный сотрудник;Кандидат наук
Киреева Екатерина Яновна;МИЭМ;Доцент;Магистр
Киреева Ольга Емельяновна;Гуманитарные науки;Научный сотрудник;Кандидат наук
Кирпа Алина Потаповна;МИЭФ;Старший научный сотрудник;Бакалавр
Киселева Наталья Данилевна;Экономические науки;Ассистент;Кандидат наук
Китаева Фаина Елизаровна;Физфак;Доцент;Бакалавр
Климцова Наталья Федоровна;Лицей НИУ ВШЭ;Старший научный сотрудник;Бакалавр
Клюшникова Арина Святославовна;Социальные науки;Научный сотрудник;Магистр
Клюшникова Надежда Емельяновна;Химия;Ассистент;Магистр
Кобелева Кристина Антониновна;Городское развитие и региональное развитие;Старший научный сотрудник;Кандидат наук
Коваль Василиса Карповна;Матфак;Ассистент;Магистр
Ковригина Светлана Юлиевна;Экономические науки;Доцент;Бакалавр
Кожедуба Полина Леонидовна;МИЭМ;Старший научный сотрудник;Магистр
Кожухова Арина Серафимовна;МИЭМ;Доцент;Бакалавр
Кожухова Лилия Александровна;Социальные науки;Ассистент;Бакалавр
Козариса Вероника Якововна;Лицей НИУ ВШЭ;Профессор;Магистр
Козлова Диана Иларионовна;ФКН;Доцент;Доктор наук
Колдаева Эмилия Ираклиевна;Городское развитие и региональное развитие;Старший научный сотрудник;Кандидат наук
Колесникова Алиса Казимировна;Социальные науки;Старший научный сотрудник;Магистр
Колесова Нина Всеволодовна;Коммуникации, медиа и дизайн;Ассистент;Доктор наук
Коллерова Виктория Степановна;Коммуникации, медиа и дизайн;Профессор;Кандидат наук
Колобкова Анастасия Владиленовна;Гуманитарные науки;Профессор;Магистр
Колобкова Злата Иларионовна;Коммуникации, медиа и дизайн;Старший научный сотрудник;Магистр
Кольцова Алла Брониславовна;Городское развитие и региональное развитие;Старший научный сотрудник;Доктор наук
Кольцова Оксана Владиленовна;Химия;Профессор;Бакалавр
Комиссарова Елена Борисовна;Химия;Старший научный сотрудник;Доктор наук
Конакова Валентина Кузьмевна;Бизнес и менеджмент;Доцент;Бакалавр
Кондакова Анна Тимофеевна;Коммуникации, медиа и дизайн;Научный сотрудник;Бакалавр
Коновалова Анастасия Степановна;Право;Старший научный сотрудник;Кандидат наук
Коновалова Евгения Афанасиевна;Социальные науки;Ассистент;Бакалавр
Кононова Эмилия Тимофеевна;МИЭФ;Научный сотрудник;Магистр
Копейкина Алина Афанасиевна;ФКН;Ассистент;Кандидат наук
Корнеева Вероника Степановна;Коммуникации, медиа и дизайн;Ассистент;Доктор наук
Косарёва Марина Трофимовна;Биология и биотехнологии;Доцент;Доктор наук
Кочубей Татьяна Евгениевна;Городское развитие и региональное развитие;Профессор;Магистр
Кошечкина Яна Яновна;ФКН;Профессор;Бакалавр
Красоткина Анастасия Андрияновна;Гуманитарные науки;Ассистент;Доктор наук
Кризько Александра Василиевна;Городское развитие и региональное развитие;Ассистент;Бакалавр
Крупина Алина Виталиевна;Коммуникации, медиа и дизайн;Старший научный сотрудник;Магистр
Крутой Ксения Елизаровна;Химия;Профессор;Бакалавр
Крылаева Ева Андрияновна;Бизнес и менеджмент;Ассистент;Магистр
Крылова Екатерина Анатолиевна;Экономические науки;Старший научный сотрудник;Кандидат наук
Куанышбаева Надежда Елизаровна;Гуманитарные науки;Научный сотрудник;Кандидат наук
Кудрявцева Алина Анатолиевна;Гуманитарные науки;Доцент;Доктор наук
Кузуба Вероника Антониновна;МИЭМ;Ассистент;Магистр
Кузуба Раиса Емельяновна;ФКН;Старший научный сотрудник;Доктор наук
Кузьмина Алина Афанасиевна;Матфак;Научный сотрудник;Бакалавр
Кузьмова Елена Николаевна;Коммуникации, медиа и дизайн;Научный сотрудник;Доктор наук
Кулатова Кристина Всеволодовна;Матфак;Профессор;Магистр
Кулигина Анастасия Юлиевна;Химия;Профессор;Бакалавр
Кулигина Диана Семеновна;Городское развитие и региональное развитие;Профессор;Доктор наук
Кулигина Оксана Андрияновна;Гуманитарные науки;Старший научный сотрудник;Кандидат наук
Кумовьева Мария Геннадиевна;Коммуникации, медиа и дизайн;Научный сотрудник;Бакалавр
Кунаева Дарья Вячеславовна;МИЭМ;Ассистент;Магистр
Курчатова Дарья Емельяновна;Химия;Старший научный сотрудник;Кандидат наук
Курышина Екатерина Якововна;Экономические науки;Научный сотрудник;Доктор наук
Куцака Елена Казимировна;Матфак;Старший научный сотрудник;Магистр
Куцака Кристина Владленовна;Мировая экономика и мировая политика;Старший научный сотрудник;Магистр
Кушнарёва Кристина Казимировна;Бизнес и менеджмент;Ассистент;Бакалавр
Кярбера Екатерина Мироновна;Гуманитарные науки;Профессор;Доктор наук
Лазарева Лариса Олеговна;Биология и биотехнологии;Профессор;Магистр
Лазуткина Кристина Елизаровна;Право;Ассистент;Бакалавр
Лашкина Алина Семеновна;Социальные науки;Научный сотрудник;Доктор наук
Лашкина Полина Юлиевна;Городское развитие и региональное развитие;Профессор;Магистр
Лебедева Нина Никитевна;МИЭФ;Ассистент;Доктор наук
Левина Алина Фомевна;Экономические науки;Научный сотрудник;Кандидат наук
Леонидова Евгения Ильевна;МИЭФ;Доцент;Кандидат наук
Лепёхина Раиса Олеговна;Социальные науки;Научный сотрудник;Магистр
Лескова Алиса Яновна;Социальные науки;Старший научный сотрудник;Доктор наук
Лещёва Екатерина Марковна;Право;Ассистент;Бакалавр
Лещёва Елена Ираклиевна;Право;Профессор;Бакалавр
Липова Ирина Юлиевна;Коммуникации, медиа и дизайн;Доцент;Магистр
Лихачева Наталья Филипповна;Лицей НИУ ВШЭ;Доцент;Доктор наук
Лобова Наталия Юлиевна;Право;Научный сотрудник;Доктор наук
Лоскутова Эмма Федотовна;Право;Профессор;Кандидат наук
Лужкова Екатерина Трофимовна;Городское развитие и региональное развитие;Старший научный сотрудник;Магистр
Лукашенко Валентина Давидовна;МИЭФ;Научный сотрудник;Магистр
Лыкова Ольга Брониславовна;Лицей НИУ ВШЭ;Доцент;Кандидат наук
Лысова Мария Якововна;МИЭФ;Профессор;Кандидат наук
Львова Анастасия Павеловна;Матфак;Ассистент;Магистр
Ляпина Диана Геннадиевна;Гуманитарные науки;Ассистент;Доктор наук
Макарова Дарья Михеевна;Лицей НИУ ВШЭ;Научный сотрудник;Кандидат наук
Макарова Ксения Германовна;Коммуникации, медиа и дизайн;Доцент;Магистр
Мальцова Оксана Карповна;Право;Старший научный сотрудник;Бакалавр
Мамонова Нина Тимуровна;Право;Доцент;Магистр
Мамыкина Юлия Несторовна;Коммуникации, медиа и дизайн;Профессор;Кандидат наук
Мананникова Кристина Ивановна;МИЭФ;Научный сотрудник;Кандидат наук
Мандрыка Александра Феликсовна;Городское развитие и региональное развитие;Ассистент;Кандидат наук
Манторова Татьяна Данилевна;Физфак;Ассистент;Магистр
Маркина Ольга Брониславовна;МИЭМ;Доцент;Доктор наук
Маркина Розалия Феликсовна;Экономические науки;Старший научный сотрудник;Бакалавр
Маркина Эмма Игнатиевна;Химия;Научный сотрудник;Кандидат наук
Маркова Александра Ипполитовна;Бизнес и менеджмент;Доцент;Бакалавр
Мартьянова Алиса Владленовна;Гуманитарные науки;Доцент;Кандидат наук
Мартьянова Софья Ильевна;Биология и биотехнологии;Ассистент;Магистр
Матвеева Ираида Глебовна;Городское развитие и региональное развитие;Ассистент;Доктор наук
Мащенко Юлия Данииловна;ФКН;Старший научный сотрудник;Доктор наук
Медведева Анисья Игнатиевна;Право;Профессор;Бакалавр
Медведкова Елена Романовна;Право;Ассистент;Бакалавр
Мещерякова Арина Елизаровна;ФКН;Профессор;Бакалавр
Мещерякова Ольга Павеловна;Химия;Профессор;Магистр
Милова Надежда Глебовна;Химия;Профессор;Магистр
Мирнова Альбина Станиславовна;Социальные науки;Старший научный сотрудник;Доктор наук
Михайличенко Тамара Владиленовна;Социальные науки;Научный сотрудник;Магистр
Мишина Яна Марковна;Городское развитие и региональное развитие;Профессор;Бакалавр
Молчанова Анастасия Георгиевна;ФКН;Ассистент;Доктор наук
Мосенцова Маргарита Леонидовна;Лицей НИУ ВШЭ;Научный сотрудник;Магистр
Муленко Екатерина Андрияновна;Лицей НИУ ВШЭ;Доцент;Магистр
Муленко Татьяна Брониславовна;Биология и биотехнологии;Профессор;Кандидат наук
Муханова Аза Юлиевна;Коммуникации, медиа и дизайн;Научный сотрудник;Доктор наук
Муханова Ирина Казимировна;Матфак;Научный сотрудник;Магистр
Мышкина Алиса Николаевна;Мировая экономика и мировая политика;Профессор;Доктор наук
Набережнева Альбина Германовна;Лицей НИУ ВШЭ;Доцент;Бакалавр
Набережнева Елена Ильевна;Гуманитарные науки;Старший научный сотрудник;Доктор наук
Нагибина Наталья Емельяновна;Биология и биотехнологии;Научный сотрудник;Кандидат наук
Нарыкова Лада Иосифовна;Право;Старший научный сотрудник;Бакалавр
Науменко Александра Петровна;Химия;Научный сотрудник;Кандидат наук
Негуторова Арина Филипповна;Право;Профессор;Доктор наук
Негуторова Юлия Иларионовна;МИЭМ;Ассистент;Магистр
Нечаева Инесса Афанасиевна;Матфак;Старший научный сотрудник;Бакалавр
Низовцова Алина Тихоновна;Матфак;Ассистент;Магистр
Низовцова Валентина Вячеславовна;Матфак;Профессор;Кандидат наук
Никерхоева Елена Афанасиевна;Матфак;Старший научный сотрудник;Доктор наук
Никишина Мария Святославовна;Мировая экономика и мировая политика;Старший научный сотрудник;Бакалавр
Николаева Жанна Захаровна;Лицей НИУ ВШЭ;Научный сотрудник;Доктор наук
Николаева Татьяна Елисеевна;Бизнес и менеджмент;Ассистент;Доктор наук
Никольникова Арина Потаповна;ФКН;Старший научный сотрудник;Кандидат наук
Никольникова Маргарита Игнатиевна;Коммуникации, медиа и дизайн;Ассистент;Магистр
Никоненко Диана Несторовна;Физфак;Старший научный сотрудник;Магистр
Нилова Дарья Захаровна;Мировая экономика и мировая политика;Доцент;Магистр
Новичкова Влада Елизаровна;Экономические науки;Профессор;Магистр
Носатенко Виктория Ипполитовна;Химия;Научный сотрудник;Магистр
Нустрова Лилия Михеевна;Экономические науки;Ассистент;Бакалавр
Нырко Марта Давидовна;Экономические науки;Доцент;Доктор наук
Нюхтилина Ксения Потаповна;Право;Профессор;Магистр
Одинцова Елена Алексеевна;Матфак;Доцент;Бакалавр
Окладникова Евгения Иосифовна;Коммуникации, медиа и дизайн;Профессор;Бакалавр
Орехова Галина Афанасиевна;Мировая экономика и мировая политика;Научный сотрудник;Магистр
Осинова Надежда Емельяновна;Лицей НИУ ВШЭ;Доцент;Бакалавр
Остальцева Ирина Ипполитовна;Экономические науки;Ассистент;Доктор наук
Ошуркова Юлия Потаповна;Лицей НИУ ВШЭ;Ассистент;Магистр
Палагута Арина Серафимовна;Коммуникации, медиа и дизайн;Профессор;Доктор наук
Панарина Лариса Данииловна;Социальные науки;Старший научный сотрудник;Доктор наук
Панькива Анастасия Владленовна;Экономические науки;Научный сотрудник;Магистр
Панюшкина Арина Казимировна;Мировая экономика и мировая политика;Старший научный сотрудник;Доктор наук
Панюшкина Евгения Антониновна;Экономические науки;Профессор;Доктор наук
Папанова Римма Елизаровна;Физфак;Доцент;Бакалавр
Педича Мария Виталиевна;МИЭФ;Научный сотрудник;Бакалавр
Петракова Ирина Ипполитовна;Лицей НИУ ВШЭ;Старший научный сотрудник;Бакалавр
Петракова Эмма Мефодиевна;МИЭФ;Научный сотрудник;Магистр
Петрищева Алина Марковна;Физфак;Профессор;Доктор наук
Петрова Мария Федоровна;Гуманитарные науки;Старший научный сотрудник;Кандидат наук
Пирожкова Оксана Данилевна;Гуманитарные науки;Научный сотрудник;Кандидат наук
Питосина Екатерина Филипповна;Право;Доцент;Магистр
Пишенина Елена Ростиславовна;Гуманитарные науки;Старший научный сотрудник;Кандидат наук
Племянникова Анна Станиславовна;Гуманитарные науки;Научный сотрудник;Бакалавр
Погребняка Милена Серафимовна;МИЭФ;Доцент;Бакалавр
Подколодный Бронислава Казимировна;Социальные науки;Доцент;Магистр
Подколодный Мария Афанасиевна;Лицей НИУ ВШЭ;Старший научный сотрудник;Кандидат наук
Поздова Зоя Константиновна;Биология и биотехнологии;Старший научный сотрудник;Бакалавр
Поливанова Альбина Олеговна;Биология и биотехнологии;Профессор;Бакалавр
Поливанова Кристина Ростиславовна;Городское развитие и региональное развитие;Научный сотрудник;Магистр
Помелова Ника Леонидовна;Городское развитие и региональное развитие;Профессор;Кандидат наук
Помелова Нона Фомевна;Право;Доцент;Доктор наук
Поникарова Дина Брониславовна;МИЭМ;Ассистент;Бакалавр
Поникарова Наталия Владленовна;Гуманитарные науки;Профессор;Доктор наук
Попырина Елена Серафимовна;ФКН;Старший научный сотрудник;Бакалавр
Порошина Анна Андрияновна;Лицей НИУ ВШЭ;Ассистент;Магистр
Порошина Кристина Ивановна;Коммуникации, медиа и дизайн;Научный сотрудник;Кандидат наук
Пугачёва Кристина Кузьмевна;Социальные науки;Профессор;Бакалавр
Пузанова Лариса Игнатиевна;Экономические науки;Доцент;Кандидат наук
Пузанова Лиана Филипповна;Гуманитарные науки;Профессор;Магистр
Пургина Анна Ефимовна;Право;Профессор;Магистр
Пустохина Арина Кузьмевна;Лицей НИУ ВШЭ;Ассистент;Магистр
Путилина Кристина Павеловна;Экономические науки;Ассистент;Бакалавр
Путинова Анастасия Ипполитовна;Социальные науки;Научный сотрудник;Кандидат наук
Путинова Марианна Тихоновна;Мировая экономика и мировая политика;Ассистент;Доктор наук
Пыжалова Дарья Тихоновна;Гуманитарные науки;Профессор;Доктор наук
Пьяныха Надежда Тимофеевна;Химия;Ассистент;Кандидат наук
Разбойникова ?Агата Андрияновна;Биология и биотехнологии;Старший научный сотрудник;Кандидат наук
Раскатова Наталья Елисеевна;МИЭМ;Старший научный сотрудник;Доктор наук
Редругина Алина Вячеславовна;Бизнес и менеджмент;Ассистент;Магистр
Редругина Милена Борисовна;ФКН;Научный сотрудник;Магистр
Редругина Полина Степановна;Физфак;Старший научный сотрудник;Бакалавр
Родзянко Дарья Ивановна;Социальные науки;Ассистент;Бакалавр
Родзянко Юлия Николаевна;Экономические науки;Доцент;Бакалавр
Родионова Арина Михеевна;Право;Ассистент;Магистр
Романенко Тамара Никитевна;Лицей НИУ ВШЭ;Научный сотрудник;Магистр
Романенко Юлия Мироновна;Биология и биотехнологии;Старший научный сотрудник;Доктор наук
Рубцова Вероника Серафимовна;ФКН;Старший научный сотрудник;Бакалавр
Румянцева Яна Ильевна;Лицей НИУ ВШЭ;Научный сотрудник;Доктор наук
Рязанова Александра Олеговна;Биология и биотехнологии;Научный сотрудник;Бакалавр
Рязанова Алина Глебовна;Биология и биотехнологии;Доцент;Доктор наук
Савкина Ирина Мефодиевна;МИЭФ;Научный сотрудник;Доктор наук
Сазонова Кристина Мироновна;МИЭМ;Старший научный сотрудник;Магистр
Сай Христина Святославовна;Коммуникации, медиа и дизайн;Старший научный сотрудник;Кандидат наук
Сайтахметова Изабелла Глебовна;Физфак;Доцент;Бакалавр
Сайтахметова Ольга Глебовна;ФКН;Ассистент;Кандидат наук
Салькова Алиса Марковна;Гуманитарные науки;Научный сотрудник;Доктор наук
Салькова Римма Брониславовна;МИЭМ;Старший научный сотрудник;Магистр
Санькова Оксана Данииловна;ФКН;Старший научный сотрудник;Доктор наук
Севостьянова Арина Иосифовна;Право;Доцент;Доктор наук
Сергеева Ольга Ивановна;Социальные науки;Старший научный сотрудник;Доктор наук
Серебрякова Анна Глебовна;МИЭФ;Старший научный сотрудник;Доктор наук
Серебрякова Дарья Всеволодовна;Лицей НИУ ВШЭ;Научный сотрудник;Доктор наук
Сидорова Дарья Андрияновна;Матфак;Профессор;Кандидат наук
Сияновича Анастасия Алексеевна;Коммуникации, медиа и дизайн;Старший научный сотрудник;Кандидат наук
Сиясинова Нина Германовна;ФКН;Научный сотрудник;Доктор наук
Скуратова Виктория Фомевна;Лицей НИУ ВШЭ;Научный сотрудник;Бакалавр
Слепынина Арина Елисеевна;Физфак;Научный сотрудник;Магистр
Снеткова Наталия Алексеевна;Гуманитарные науки;Старший научный сотрудник;Бакалавр
Соловаьева Ирина Филипповна;Коммуникации, медиа и дизайн;Старший научный сотрудник;Доктор наук
Соловьева Надежда Николаевна;Химия;Старший научный сотрудник;Кандидат наук
Сомкина Ксения Павеловна;Биология и биотехнологии;Доцент;Доктор наук
Справцева Валентина Марковна;Гуманитарные науки;Профессор;Доктор наук
Стаина Марина Николаевна;Право;Старший научный сотрудник;Доктор наук
Стародубцева Зинаида Ивановна;Биология и биотехнологии;Профессор;Бакалавр
Старостина Анастасия Олеговна;Социальные науки;Научный сотрудник;Доктор наук
Стеблева Диана Святославовна;Городское развитие и региональное развитие;Ассистент;Доктор наук
Строганова Марфа Ильевна;Матфак;Профессор;Бакалавр
Суслякова Анастасия Трофимовна;Мировая экономика и мировая политика;Ассистент;Кандидат наук
Суханова Дарья Антониновна;Физфак;Научный сотрудник;Магистр
Сычёва Лидия Якововна;Городское развитие и региональное развитие;Ассистент;Магистр
Сьянова Наталия Антониновна;Право;Научный сотрудник;Доктор наук
Сюкосева Ольга Федотовна;Мировая экономика и мировая политика;Доцент;Магистр
Таланова Анна Вячеславовна;МИЭМ;Ассистент;Кандидат наук
Тальдаева Дарья Тимофеевна;Коммуникации, медиа и дизайн;Профессор;Магистр
Тамаркина Роза Виталиевна;Биология и биотехнологии;Научный сотрудник;Доктор наук
Таначёва Дарья Данииловна;Физфак;Ассистент;Магистр
Терёшина Александра Ивановна;Право;Научный сотрудник;Магистр
Тетерина Регина Филипповна;ФКН;Доцент;Кандидат наук
Титова Виктория Георгиевна;МИЭФ;Доцент;Кандидат наук
Тихоненко Вероника Анатолиевна;Мировая экономика и мировая политика;Доцент;Бакалавр
Ткаченко Дарья Андрияновна;Социальные науки;Научный сотрудник;Бакалавр
Толбанова Ольга Всеволодовна;Лицей НИУ ВШЭ;Профессор;Доктор наук
Толкачёва Юлия Емельяновна;Городское развитие и региональное развитие;Ассистент;Доктор наук
Толстой Ефросинья Тимофеевна;Экономические науки;Ассистент;Бакалавр
Тотенкова Лиана Юлиевна;Бизнес и менеджмент;Научный сотрудник;Кандидат наук
Тукаева Елена Борисовна;МИЭМ;Профессор;Доктор наук
Турбина Алиса Владленовна;Мировая экономика и мировая политика;Доцент;Магистр
Турбина Алиса Яновна;Химия;Старший научный сотрудник;Кандидат наук
Турова Нина Ипполитовна;ФКН;Научный сотрудник;Кандидат наук
Турчанинова Анастасия Станиславовна;Социальные науки;Профессор;Доктор наук
Тычкина Татьяна Константиновна;Бизнес и менеджмент;Научный сотрудник;Бакалавр
Тянникова Арина Романовна;Право;Доцент;Доктор наук
Уголева Инга Ильевна;Физфак;Старший научный сотрудник;Кандидат наук
Удома Галина Мефодиевна;Право;Ассистент;Доктор наук
Уксюзова Валентина Тихоновна;Гуманитарные науки;Ассистент;Бакалавр
Уксюзова Варвара Тимуровна;Городское развитие и региональное развитие;Ассистент;Кандидат наук
Уржумцева Надежда Германовна;Бизнес и менеджмент;Профессор;Бакалавр
Ухова Инна Петровна;Мировая экономика и мировая политика;Научный сотрудник;Магистр
Фаммуса Алина Евгениевна;Биология и биотехнологии;Старший научный сотрудник;Кандидат наук
Фаммуса Анна Игнатиевна;Бизнес и менеджмент;Профессор;Доктор наук
Федулова Валентина Андрияновна;МИЭМ;Доцент;Доктор наук
Федченкова Алиса Игнатиевна;Химия;Профессор;Доктор наук
Фененко Виктория Якововна;Матфак;Доцент;Бакалавр
Фонвизина Инга Карповна;ФКН;Доцент;Кандидат наук
Форопонова Эмилия Всеволодовна;ФКН;Научный сотрудник;Бакалавр
Цаплина Ангелина Тихоновна;Мировая экономика и мировая политика;Старший научный сотрудник;Кандидат наук
Цаплина Юлия Емельяновна;МИЭМ;Старший научный сотрудник;Бакалавр
Царско Владлена Филипповна;Социальные науки;Ассистент;Бакалавр
Цой Юлия Тимофеевна;МИЭМ;Научный сотрудник;Магистр
Цорна Варвара Павеловна;Матфак;Старший научный сотрудник;Магистр
Цулукидзе Яна Антониновна;Бизнес и менеджмент;Ассистент;Доктор наук
Чазова Алина Федотовна;Мировая экономика и мировая политика;Профессор;Магистр
Чебыкина Инесса Ильевна;Матфак;Старший научный сотрудник;Бакалавр
Чекина Лилия Трофимовна;Лицей НИУ ВШЭ;Ассистент;Кандидат наук
Чуканова Юлия Андрияновна;Коммуникации, медиа и дизайн;Старший научный сотрудник;Доктор наук
Чюличкова Ева Владиленовна;Матфак;Старший научный сотрудник;Магистр
Шабунина Ксения Никитевна;Гуманитарные науки;Старший научный сотрудник;Магистр
Шаврина Лилия Федоровна;Социальные науки;Научный сотрудник;Бакалавр
Шагидзянова Татьяна Вячеславовна;Городское развитие и региональное развитие;Ассистент;Доктор наук
Шамякина Христина Всеволодовна;Биология и биотехнологии;Профессор;Магистр
Шарова Жанна Алексеевна;МИЭМ;Ассистент;Бакалавр
Шелагина Ксения Степановна;ФКН;Научный сотрудник;Магистр
Шелыгина Виктория Федотовна;МИЭФ;Профессор;Доктор наук
Шелыгина Лариса Емельяновна;Матфак;Старший научный сотрудник;Кандидат наук
Шестакова Дарья Афанасиевна;Физфак;Старший научный сотрудник;Магистр
Шестакова Марина Данииловна;Биология и биотехнологии;Научный сотрудник;Бакалавр
Шихранова Анастасия Захаровна;Социальные науки;Старший научный сотрудник;Кандидат наук
Шкригунова Виктория Романовна;Биология и биотехнологии;Научный сотрудник;Кандидат наук
Шурупова Юнона Александровна;Биология и биотехнологии;Научный сотрудник;Бакалавр
Шуршалина Полина Федотовна;Городское развитие и региональное развитие;Доцент;Магистр
Шурьева Анна Мефодиевна;Социальные науки;Доцент;Доктор наук
Щеголева Ульяна Несторовна;Бизнес и менеджмент;Ассистент;Бакалавр
Щеголяева Анастасия Евгениевна;Лицей НИУ ВШЭ;Научный сотрудник;Кандидат наук
Щеголяева Ярослава Александровна;Биология и биотехнологии;Ассистент;Кандидат наук
Щерба Евгения Михеевна;Гуманитарные науки;Научный сотрудник;Магистр
Щербакова Ольга Елисеевна;ФКН;Старший научный сотрудник;Кандидат наук
Щербинина Бронислава Феликсовна;Биология и биотехнологии;Старший научный сотрудник;Кандидат наук
Щербинина Екатерина Ираклиевна;Биология и биотехнологии;Научный сотрудник;Бакалавр
Щитта Лилия Фомевна;Городское развитие и региональное развитие;Старший научный сотрудник;Кандидат наук
Эсаулова Ариадна Ильевна;Химия;Ассистент;Кандидат наук
Эскина Мария Никитевна;МИЭФ;Доцент;Магистр
Эскина Рената Борисовна;МИЭМ;Ассистент;Магистр
Эсце Светлана Глебовна;Мировая экономика и мировая политика;Старший научный сотрудник;Доктор наук
Этуша Марина Захаровна;Бизнес и менеджмент;Ассистент;Кандидат наук
Юганцева Алла Фомевна;Коммуникации, медиа и дизайн;Научный сотрудник;Бакалавр
Юганцева Светлана Ростиславовна;Социальные науки;Старший научный сотрудник;Магистр
Юдина Виктория Филипповна;Экономические науки;Доцент;Доктор наук
Юневича Диана Казимировна;Право;Доцент;Кандидат наук
Юсупова Ирина Карповна;Химия;Ассистент;Бакалавр
Юшкова Наталья Тимуровна;Физфак;Старший научный сотрудник;Бакалавр
Яблонева Мирослава Евгениевна;Матфак;Профессор;Бакалавр
Ябурова Елизавета Вячеславовна;Гуманитарные науки;Профессор;Кандидат наук
Ягафарова Елизавета Ростиславовна;Матфак;Профессор;Магистр
Яглинцева Ольга Ростиславовна;Лицей НИУ ВШЭ;Доцент;Кандидат наук
Яговкина Ирина Феликсовна;Городское развитие и региональное развитие;Старший научный сотрудник;Доктор наук
Ягода Мария Игнатиевна;ФКН;Доцент;Кандидат наук
Ягодина Лариса Никитевна;ФКН;Старший научный сотрудник;Бакалавр
Ягодина Оксана Юлиевна;МИЭМ;Научный сотрудник;Бакалавр
Язева Алла Данииловна;Экономические науки;Старший научный сотрудник;Кандидат наук
Якимычева Дина Елизаровна;ФКН;Доцент;Магистр
Яковалева Ксения Павеловна;Физфак;Доцент;Кандидат наук
Якухина Светлана Вячеславовна;Право;Научный сотрудник;Кандидат наук
Яловкина Марина Вячеславовна;Лицей НИУ ВШЭ;Ассистент;Доктор наук
Яльцева Ольга Брониславовна;Физфак;Научный сотрудник;Доктор наук
Ямзина Мария Игнатиевна;МИЭФ;Старший научный сотрудник;Доктор наук
Ямова Яна Серафимовна;Матфак;Старший научный сотрудник;Доктор наук
Януковича Елена Андрияновна;ФКН;Профессор;Бакалавр
Ярилина Лидия Брониславовна;Коммуникации, медиа и дизайн;Ассистент;Кандидат наук
Ярилова Яна Федотовна;Городское развитие и региональное развитие;Старший научный сотрудник;Доктор наук
Ярлыкова Анисья Игоревна;Городское развитие и региональное развитие;Ассистент;Бакалавр
Яруллина Арина Степановна;Право;Старший научный сотрудник;Кандидат наук
Яруллина Дарья Марковна;Право;Научный сотрудник;Доктор наук
Ярыкина Надежда Ираклиевна;Матфак;Доцент;Кандидат наук
Ясевича Елена Константиновна;Мировая экономика и мировая политика;Ассистент;Доктор наук
Ясенева Светлана Петровна;Биология и биотехнологии;Ассистент;Кандидат наук
Яскина Ефросиния Германовна;Экономические науки;Старший научный сотрудник;Доктор наук
Яхаева Валентина Иларионовна;Экономические науки;Профессор;Магистр
Яценко Антонина Иосифовна;МИЭФ;Научный сотрудник;Магистр
Ячменькова Валентина Данилевна;Биология и биотехнологии;Профессор;Доктор наук
Яшагина Елена Юлиевна;Физфак;Старший научный сотрудник;Бакалавр
Ященко Нона Леонидовна;Социальные науки;Профессор;Магистр
